{
	"definition": "Child labour is exploitation of children through work that deprives them of their childhood and dignity",
	"prevalence": 	"Approximately 138 million children were in child labour in 2024",
	"hazardous_work": "Roughly 54 million children are in hazardous work, which includes mining, heavy machinery and dangerous chemicals.",
    "causes" : " Poverty, lack of educational access, and debt are major drivers of child labour.",
    "sectors" : "Agriculture is the largest sector, employing about 70% of child labourers. Other sectors include mining, textile industry, and domestic work.",
    "regional_Distribution" : "Sub-Saharan Africa has the highest incidence of child labour. Asia and the Pacific has the largest absolute numbers",
    "international_efforts" : "Unicef and International Labour Organization (ILO) made Conventions 138 and 182 for aiming to eliminate child labour.",
    "Future": "According to Unicef, in 2045 the current pace of progress will require 7 times the current pace in 2024 to elimanate child labor",
    "Picture_1" :"https://www.ilo.org/sites/default/files/styles/hero_basic_desktop/public/2024-04/ilo-e20587-highres.jpg.webp?itok=rjfqn_EU",
    "Picture_2" :"https://i.pinimg.com/736x/2f/b3/d1/2fb3d1f191247211106e45caceac6afa.jpg",
    "Website_1" :"https://www.ilo.org/topics/child-labour/what-child-labour",
    "Website_2" :"https://data.unicef.org/resources/child-labour-global-estimates-2024/"
}