{
  "chart": {
    "title": "Share of children in employment",
    "subtitle": "Share of children ages 7-14 involved in economic activity for at least one hour in the reference week of the corresponding survey (irrespective of school attendance).",
    "citation": "International Labour Organization, UNICEF, and World Bank (2025)",
    "originalChartUrl": "https://ourworldindata.org/grapher/incidence-of-child-labour?tab=table&overlay=download-data&v=1&csvType=filtered&useColumnShortNames=false",
    "selection": [
      "Nepal",
      "Uganda",
      "Vietnam",
      "Philippines",
      "Brazil",
      "Turkey"
    ]
  },
  "columns": {
    "Children in employment, total (% of children ages 7-14)": {
      "titleShort": "Children in employment",
      "titleLong": "Children in employment",
      "descriptionShort": "Share of children aged 7-14 years involved in economic activity for at least one hour in the reference week of the survey.",
      "shortUnit": "%",
      "unit": "%",
      "timespan": "1994-2016",
      "type": "Numeric",
      "owidVariableId": 1107539,
      "shortName": "sl_tlf_0714_zs",
      "lastUpdated": "2025-09-08",
      "nextUpdate": "2026-09-08",
      "citationShort": "International Labour Organization, UNICEF, and World Bank (2025) – processed by Our World in Data",
      "citationLong": "International Labour Organization, UNICEF, and World Bank (2025) – processed by Our World in Data. “Children in employment – ILO” [dataset]. International Labour Organization, UNICEF, and World Bank, “World Development Indicators 122” [original data].",
      "fullMetadata": "https://api.ourworldindata.org/v1/indicators/1107539.metadata.json"
    }
  },
  "dateDownloaded": "2025-11-29",
  "activeFilters": {
    "tab": "table",
    "overlay": "download-data"
  }
}